full_name,stars,watchers,forks,stars_delta,watchers_delta,forks_delta,url
affaan-m/everything-claude-code,171080,171080,26522,60,60,12,https://github.com/affaan-m/everything-claude-code
shareAI-lab/learn-claude-code,57654,57654,9466,16,16,4,https://github.com/shareAI-lab/learn-claude-code
ChinaSiro/claude-code-sourcemap,9069,9069,14573,2,2,0,https://github.com/ChinaSiro/claude-code-sourcemap
pengchengneo/Claude-Code,1272,1272,2267,-1,-1,0,https://github.com/pengchengneo/Claude-Code
hesreallyhim/awesome-claude-code,42082,42082,3559,17,17,1,https://github.com/hesreallyhim/awesome-claude-code
shanraisshan/claude-code-best-practice,49967,49967,4974,29,29,5,https://github.com/shanraisshan/claude-code-best-practice
musistudio/claude-code-router,33292,33292,2679,6,6,0,https://github.com/musistudio/claude-code-router
davila7/claude-code-templates,26501,26501,2650,6,6,0,https://github.com/davila7/claude-code-templates
Alishahryar1/free-claude-code,19302,19302,2746,76,76,9,https://github.com/Alishahryar1/free-claude-code
LING71671/Open-ClaudeCode,797,797,1151,1,1,1,https://github.com/LING71671/Open-ClaudeCode
oboard/claude-code-rev,3080,3080,3777,0,0,0,https://github.com/oboard/claude-code-rev
Donchitos/Claude-Code-Game-Studios,16800,16800,2441,9,9,2,https://github.com/Donchitos/Claude-Code-Game-Studios
VoltAgent/awesome-claude-code-subagents,18851,18851,2167,8,8,1,https://github.com/VoltAgent/awesome-claude-code-subagents
ponponon/claude_code_src,2207,2207,3493,-1,-1,-1,https://github.com/ponponon/claude_code_src
anthropics/claude-code-action,7366,7366,1780,3,3,0,https://github.com/anthropics/claude-code-action
Piebald-AI/claude-code-system-prompts,9790,9790,1749,10,10,2,https://github.com/Piebald-AI/claude-code-system-prompts
diet103/claude-code-infrastructure-showcase,9597,9597,1220,0,0,1,https://github.com/diet103/claude-code-infrastructure-showcase
liuup/claude-code-analysis,2145,2145,1498,0,0,0,https://github.com/liuup/claude-code-analysis
frankbria/ralph-claude-code,8955,8955,669,2,2,0,https://github.com/frankbria/ralph-claude-code
hangsman/claude-code-source,764,764,1744,0,0,0,https://github.com/hangsman/claude-code-source
chauncygu/collection-claude-code-source-code,2338,2338,2257,2,2,0,https://github.com/chauncygu/collection-claude-code-source-code
ykdojo/claude-code-tips,8040,8040,597,4,4,2,https://github.com/ykdojo/claude-code-tips
pedrohcgs/claude-code-my-workflow,1019,1019,2083,-1,-1,0,https://github.com/pedrohcgs/claude-code-my-workflow
ChrisWiles/claude-code-showcase,5856,5856,546,-1,-1,0,https://github.com/ChrisWiles/claude-code-showcase
lintsinghua/claude-code-book,3045,3045,684,0,0,0,https://github.com/lintsinghua/claude-code-book
huangserva/claude-code-cli,568,568,1297,0,0,0,https://github.com/huangserva/claude-code-cli
OneRedOak/claude-code-workflows,3789,3789,555,0,0,0,https://github.com/OneRedOak/claude-code-workflows
anthropics/skills,126681,126681,14861,58,58,7,https://github.com/anthropics/skills
1rgs/claude-code-proxy,3521,3521,456,1,1,0,https://github.com/1rgs/claude-code-proxy
zebbern/claude-code-guide,4063,4063,397,0,0,0,https://github.com/zebbern/claude-code-guide
lorryjovens-hub/claude-code-rust,1506,1506,609,1,1,0,https://github.com/lorryjovens-hub/claude-code-rust
777genius/claude-code-source-code,904,904,1116,0,0,0,https://github.com/777genius/claude-code-source-code
disler/claude-code-hooks-mastery,3606,3606,604,0,0,0,https://github.com/disler/claude-code-hooks-mastery
nicedreamzapp/claude-code-local,2376,2376,463,1,1,0,https://github.com/nicedreamzapp/claude-code-local
FlorianBruniaux/claude-code-ultimate-guide,4081,4081,537,0,0,0,https://github.com/FlorianBruniaux/claude-code-ultimate-guide
Maciek-roboblog/Claude-Code-Usage-Monitor,7870,7870,394,-1,-1,0,https://github.com/Maciek-roboblog/Claude-Code-Usage-Monitor
zstmfhy/Claude-code,190,190,285,0,0,0,https://github.com/zstmfhy/Claude-code
forrestchang/andrej-karpathy-skills,103447,103447,10179,544,544,67,https://github.com/forrestchang/andrej-karpathy-skills
kodu-ai/claude-coder,5278,5278,200,-1,-1,0,https://github.com/kodu-ai/claude-coder
Yuyz0112/claude-code-reverse,2359,2359,403,0,0,0,https://github.com/Yuyz0112/claude-code-reverse
wanshuiyin/Auto-claude-code-research-in-sleep,7850,7850,730,5,5,0,https://github.com/wanshuiyin/Auto-claude-code-research-in-sleep
anthropics/claude-code-security-review,4453,4453,410,2,2,0,https://github.com/anthropics/claude-code-security-review
RichardAtCT/claude-code-telegram,2516,2516,351,0,0,0,https://github.com/RichardAtCT/claude-code-telegram
fuergaosi233/claude-code-proxy,2529,2529,358,1,1,0,https://github.com/fuergaosi233/claude-code-proxy
Windy3f3f3f3f/how-claude-code-works,2064,2064,528,2,2,0,https://github.com/Windy3f3f3f3f/how-claude-code-works
sickn33/antigravity-awesome-skills,35886,35886,5883,19,19,2,https://github.com/sickn33/antigravity-awesome-skills
alejandrobalderas/claude-code-from-source,1836,1836,561,0,0,0,https://github.com/alejandrobalderas/claude-code-from-source
ding113/claude-code-hub,2715,2715,304,0,0,0,https://github.com/ding113/claude-code-hub
fazxes/Claude-code,212,212,209,0,0,0,https://github.com/fazxes/Claude-code
Cranot/claude-code-guide,2633,2633,289,0,0,0,https://github.com/Cranot/claude-code-guide
AprilNEA/claude-code-source,375,375,613,1,1,0,https://github.com/AprilNEA/claude-code-source
luongnv89/claude-howto,30582,30582,3738,20,20,3,https://github.com/luongnv89/claude-howto
luyao618/Claude-Code-Source-Study,1280,1280,490,0,0,0,https://github.com/luyao618/Claude-Code-Source-Study
rohitg00/awesome-claude-code-toolkit,1501,1501,452,2,2,0,https://github.com/rohitg00/awesome-claude-code-toolkit
anthropics/claude-code-base-action,804,804,602,1,1,0,https://github.com/anthropics/claude-code-base-action
repowise-dev/claude-code-prompts,983,983,362,0,0,0,https://github.com/repowise-dev/claude-code-prompts
https-deeplearning-ai/sc-claude-code-files,499,499,700,0,0,0,https://github.com/https-deeplearning-ai/sc-claude-code-files
router-for-me/CLIProxyAPI,30088,30088,4997,32,32,7,https://github.com/router-for-me/CLIProxyAPI
snarktank/ralph,18245,18245,1807,5,5,2,https://github.com/snarktank/ralph
JrCx7scC/claude-code-source,364,364,537,0,0,0,https://github.com/JrCx7scC/claude-code-source
qwibitai/nanoclaw,28447,28447,12735,8,8,3,https://github.com/qwibitai/nanoclaw
ruvnet/ruflo,34251,34251,3884,72,72,8,https://github.com/ruvnet/ruflo
guanshan/ClaudeCode,57,57,215,0,0,0,https://github.com/guanshan/ClaudeCode
bfly123/claude_codex_bridge,2428,2428,229,2,2,0,https://github.com/bfly123/claude_codex_bridge
edmund-io/edmunds-claude-code,1410,1410,282,0,0,0,https://github.com/edmund-io/edmunds-claude-code
Yeachan-Heo/oh-my-claudecode,32120,32120,2982,18,18,0,https://github.com/Yeachan-Heo/oh-my-claudecode
Pimzino/claude-code-spec-workflow,3704,3704,259,0,0,0,https://github.com/Pimzino/claude-code-spec-workflow
alirezarezvani/claude-skills,13336,13336,1765,10,10,1,https://github.com/alirezarezvani/claude-skills
KimYx0207/Claude-Code-x-OpenClaw-Guide-Zh,3600,3600,690,0,0,1,https://github.com/KimYx0207/Claude-Code-x-OpenClaw-Guide-Zh
AICoderTudou/claude-code-tudou,496,496,399,0,0,0,https://github.com/AICoderTudou/claude-code-tudou
carlvellotti/claude-code-pm-course,1940,1940,303,0,0,0,https://github.com/carlvellotti/claude-code-pm-course
wshobson/agents,34590,34590,3750,4,4,1,https://github.com/wshobson/agents
andrew-kramer-inno/claude-code-source-build,581,581,518,0,0,0,https://github.com/andrew-kramer-inno/claude-code-source-build
ghuntley/claude-code-source-code-deobfuscation,973,973,554,0,0,0,https://github.com/ghuntley/claude-code-source-code-deobfuscation
anthropics/claude-plugins-official,18322,18322,2218,10,10,1,https://github.com/anthropics/claude-plugins-official
feiskyer/claude-code-settings,1477,1477,218,0,0,0,https://github.com/feiskyer/claude-code-settings
Windy3f3f3f3f/claude-code-from-scratch,1057,1057,343,1,1,0,https://github.com/Windy3f3f3f3f/claude-code-from-scratch
sugyan/claude-code-webui,1066,1066,242,2,2,0,https://github.com/sugyan/claude-code-webui
Hyper66666/claude-code-sourcemap,212,212,460,0,0,0,https://github.com/Hyper66666/claude-code-sourcemap
eyaltoledano/claude-task-master,26950,26950,2517,0,0,0,https://github.com/eyaltoledano/claude-task-master
siteboon/claudecodeui,10423,10423,1398,5,5,0,https://github.com/siteboon/claudecodeui
darcyegb/ClaudeCodeAgents,676,676,61,0,0,0,https://github.com/darcyegb/ClaudeCodeAgents
centminmod/my-claude-code-setup,2244,2244,215,0,0,0,https://github.com/centminmod/my-claude-code-setup
